name,stikethrough_price,discounted_price,available_rooms,num_of_times_booked,booking_timeframe,city_and_state
Grand Hyatt New York,"Rs. 170,893","Rs. 161,875",6,3,6,"New York, NY"
New York Marriott Marquis,"Rs. 219,204","Rs. 158,654",0,2,6,"New York, NY"
Hotel Pennsylvania,"Rs. 63,339","Rs. 63,339",6,76,6,"New York, NY"
Row NYC at Times Square,"Rs. 116,784","Rs. 81,356",7,13,6,"New York, NY"
InterContinental New York Times Square,"Rs. 210,186","Rs. 132,244",4,11,6,"New York, NY"
Nomo Soho,"Rs. 183,067","Rs. 183,067",3,Not Found,55,"New York, NY"
The Quin,"Rs. 248,835","Rs. 171,279",5,Not Found,6,"New York, NY"
Wellington Hotel,"Rs. 167,672","Rs. 73,433",7,14,6,"New York, NY"
Hotel Edison,"Rs. 123,683","Rs. 97,621",3,35,6,"New York, NY"
Residence Inn by Marriott New York Manhattan/Times Square,"Rs. 192,794","Rs. 165,096",0,Not Found,56,"New York, NY"
Paramount Times Square,"Rs. 169,218","Rs. 120,005",5,Not Found,4,"New York, NY"
Radisson Martinique on Broadway,"Rs. 137,446","Rs. 78,747",6,9,6,"New York, NY"
The Time New York,"Rs. 148,051","Rs. 96,091",4,3,6,"New York, NY"
Park Central,"Rs. 79,782","Rs. 79,782",6,37,6,"New York, NY"
RIU Plaza New York Times Square,"Rs. 138,041","Rs. 107,251",3,4,6,"New York, NY"
Courtyard by Marriott New York Manhattan/Central Park,"Rs. 172,825","Rs. 113,886",3,4,6,"New York, NY"
Wyndham New Yorker Hotel,"Rs. 130,531","Rs. 68,087",0,13,6,"New York, NY"
Hyatt Place New York,"Rs. 161,875","Rs. 125,803",0,15,6,"New York, NY"
Fairfield Inn & Suites By Marriott New York Manhattan/Times Square,"Rs. 167,672","Rs. 89,795",4,7,6,"New York, NY"
Night Hotel Times Square,"Rs. 100,552","Rs. 82,516",5,4,6,"New York, NY"
"Hudson New York, Central Park","Rs. 70,406","Rs. 70,406",6,12,6,"New York, NY"
The Manhattan at Times Square,"Rs. 139,458","Rs. 76,380",0,8,6,"New York, NY"
New York Hilton Midtown,"Rs. 171,537","Rs. 139,330",9,8,6,"New York, NY"
Park Lane Hotel - A Central Park Hotel,"Rs. 99,289","Rs. 99,289",3,15,6,"New York, NY"
Warwick New York,"Rs. 144,399","Rs. 102,130",5,6,6,"New York, NY"
The Evelyn,"Rs. 129,040","Rs. 102,176",0,Not Found,5,"New York, NY"
La Quinta Inn & Suites Manhattan,"Rs. 88,571","Rs. 88,571",0,12,6,"New York, NY"
Days Hotel Broadway at 94th Street,"Rs. 96,519","Rs. 67,662",8,12,6,"New York, NY"
The Gallivant Times Square,"Rs. 120,134","Rs. 79,746",5,3,6,"New York, NY"
The Knickerbocker,"Rs. 200,984","Rs. 161,456",3,5,6,"New York, NY"
The Hotel at Times Square,"Rs. 82,773","Rs. 82,773",1,8,6,"New York, NY"
Crowne Plaza Times Square,"Rs. 156,206","Rs. 92,693",4,16,6,"New York, NY"
West Side YMCA,"Rs. 51,480","Rs. 51,480",5,15,6,"New York, NY"
Pod 39,"Rs. 109,828","Rs. 85,028",5,9,6,"New York, NY"
Pod 51,"Rs. 121,744","Rs. 85,994",0,14,6,"New York, NY"
ONE UN New York,"Rs. 144,112","Rs. 110,778",0,3,6,"New York, NY"
Andaz 5th Avenue,"Rs. 191,635","Rs. 191,635",3,2,6,"New York, NY"
"The Pierre, A Taj Hotel, New York","Rs. 475,061","Rs. 374,251",3,Not Found,9,"New York, NY"
EVEN Hotel New York - Midtown East 44th,"Rs. 141,906","Rs. 106,478",4,8,6,"New York, NY"
Wingate by Wyndham Manhattan Midtown,"Rs. 112,340","Rs. 78,999",1,2,6,"New York, NY"
JW Marriott Essex House New York,"Rs. 261,074","Rs. 193,438",5,6,6,"New York, NY"
The Roxy Hotel Tribeca,"Rs. 259,077","Rs. 259,077",0,Not Found,2,"New York, NY"
The Mercer,"Rs. 473,450","Rs. 423,013",0,6,24,"New York, NY"
City Club Hotel,"Rs. 266,272","Rs. 266,272",0,Not Found,5,"New York, NY"
Holiday Inn Express New York City Chelsea,"Rs. 150,924","Rs. 100,423",3,3,6,"New York, NY"
Aloft Harlem,"Rs. 142,549","Rs. 111,585",0,Not Found,6,"New York, NY"
Hampton Inn Manhattan-SoHo,"Rs. 150,280","Rs. 87,153",3,2,6,"New York, NY"
Soho Grand Hotel,"Rs. 198,141","Rs. 163,099",0,2,6,"New York, NY"
Hilton Garden Inn New York/Manhattan-Chelsea,"Rs. 225,002","Rs. 168,703",4,Not Found,6,"New York, NY"
Nolitan Hotel SoHo - New York,"Rs. 166,191","Rs. 109,506",6,2,6,"New York, NY"
Hotel Belleclaire,"Rs. 130,585","Rs. 81,791",3,4,6,"New York, NY"
The Gregory,"Rs. 156,722","Rs. 138,686",4,3,6,"New York, NY"
The Kimpton Muse Hotel,"Rs. 306,165","Rs. 143,839",4,3,6,"New York, NY"
Holiday Inn Express - Times Square South,"Rs. 132,373","Rs. 98,748",0,7,6,"New York, NY"
The Premier Times Square,"Rs. 133,484","Rs. 107,396",0,Data Not Fouund,Data Not Fouund,"New York, NY"
Fairfield Inn & Suites by Marriott New York Manhattan/Chelsea,"Rs. 146,222","Rs. 88,184",5,4,6,"New York, NY"
6 Columbus - A SIXTY Hotel,"Rs. 156,657","Rs. 156,657",0,Data Not Fouund,Data Not Fouund,"New York, NY"
"The Lexington New York City, Autograph Collection","Rs. 153,179","Rs. 109,699",4,7,6,"New York, NY"
Dream Midtown,"Rs. 109,956","Rs. 101,582",6,5,6,"New York, NY"
Avalon Hotel,"Rs. 119,490","Rs. 98,748",4,Not Found,58,"New York, NY"
Hyatt Centric Times Square New York,"Rs. 266,223","Rs. 198,588",3,5,6,"New York, NY"
The Mark New York,"Rs. 352,350","Rs. 276,018",9,Not Found,52,"New York, NY"
Courtyard by Marriott New York Manhattan/Chelsea,"Rs. 158,654","Rs. 125,158",5,4,6,"New York, NY"
The Standard - East Village,"Rs. 192,794","Rs. 152,084",0,2,6,"New York, NY"
Sheraton Tribeca New York Hotel,"Rs. 113,757","Rs. 113,757",4,3,6,"New York, NY"
"Club Quarters Hotel, Grand Central","Rs. 138,686","Rs. 138,686",0,Data Not Fouund,Data Not Fouund,"New York, NY"
Hilton Garden Inn Central Park South,"Rs. 154,403","Rs. 99,199",5,2,6,"New York, NY"
Hyatt New York Herald Square/5th Avenue,"Rs. 174,757","Rs. 139,330",0,6,6,"New York, NY"
DoubleTree by Hilton Metropolitan New York City,"Rs. 161,875","Rs. 116,784",8,6,6,"New York, NY"
Hilton New York Grand Central,"Rs. 173,148","Rs. 137,075",0,Not Found,1,"New York, NY"
Smyth - A Thompson Hotel,"Rs. 205,162","Rs. 160,522",0,Data Not Fouund,Data Not Fouund,"New York, NY"
"The Beekman, a Thompson Hotel","Rs. 292,637","Rs. 175,466",0,3,6,"New York, NY"
Trump International New York,"Rs. 375,217","Rs. 375,217",3,Not Found,4,"New York, NY"
NH New York Jolly Madison Towers,"Rs. 143,839","Rs. 95,077",4,2,6,"New York, NY"
Royalton Times Square,"Rs. 94,110","Rs. 94,110",0,2,6,"New York, NY"
AKA Wall Street,"Rs. 139,458","Rs. 107,380",4,3,12,"New York, NY"
The Gotham Hotel,"Rs. 150,393","Rs. 108,845",0,5,6,"New York, NY"
Hotel Chandler,"Rs. 195,413","Rs. 195,413",0,4,24,"New York, NY"
HGU New York,"Rs. 149,412","Rs. 93,788",1,Not Found,1,"New York, NY"
Orchard Street Hotel,"Rs. 131,774","Rs. 110,324",0,2,6,"New York, NY"
Homewood Suites Midtown Manhattan Times Square South,"Rs. 133,761","Rs. 99,006",0,Not Found,6,"New York, NY"
Arlo SoHo,"Rs. 175,402","Rs. 144,483",0,5,6,"New York, NY"
"CAMBRiA Hotel & Suites, New York – Times Square","Rs. 172,181","Rs. 118,073",3,8,6,"New York, NY"
Doubletree By Hilton New York Times Square West,"Rs. 122,260","Rs. 82,258",4,2,6,"New York, NY"
Comfort Inn Times Square South Area,"Rs. 134,821","Rs. 91,985",5,4,24,"New York, NY"
Dream Downtown,"Rs. 206,463","Rs. 157,881",3,Not Found,1,"New York, NY"
The Tuscany - A St Giles Signature Hotel,"Rs. 191,828","Rs. 144,805",0,Data Not Fouund,Data Not Fouund,"New York, NY"
Viceroy Central Park New York,"Rs. 263,715","Rs. 202,328",0,3,6,"New York, NY"
Sixty LES,"Rs. 199,429","Rs. 128,379",5,Not Found,2,"New York, NY"
"Club Quarters Hotel, Opposite Rockefeller Center","Rs. 172,825","Rs. 145,127",0,Not Found,10,"New York, NY"
"Langham Place, New York, Fifth Avenue","Rs. 178,494","Rs. 178,494",1,Not Found,2,"New York, NY"
La Quinta Inn & Suites New York City Central Park,"Rs. 81,485","Rs. 81,485",1,6,6,"New York, NY"
Fairfield Inn & Suites by Marriott New York Manhattan/Central Park,"Rs. 131,600","Rs. 94,175",3,3,12,"New York, NY"
Hotel 48LEX New York,"Rs. 160,458","Rs. 116,205",5,Data Not Fouund,Data Not Fouund,"New York, NY"
Hilton Garden Inn New York Manhattan Midtown East,"Rs. 168,316","Rs. 134,821",4,Not Found,5,"New York, NY"
World Center Hotel,"Rs. 145,771","Rs. 120,649",3,2,12,"New York, NY"
Hampton Inn Manhattan/Downtown- Financial District,"Rs. 135,465","Rs. 99,779",0,Not Found,4,"New York, NY"
Sohotel,"Rs. 110,201","Rs. 110,201",3,Data Not Fouund,Data Not Fouund,"New York, NY"
Fairfield Inn by Marriott New York Manhattan/Financial District,"Rs. 158,010","Rs. 72,918",5,10,6,"New York, NY"
The Roger,"Rs. 190,024","Rs. 130,440",0,Not Found,3,"New York, NY"
Hotel 32 32,"Rs. 131,407","Rs. 78,586",4,5,6,"New York, NY"
Le Parker Méridien New York,"Rs. 250,766","Rs. 230,800",4,Not Found,6,"New York, NY"
Arlo Nomad,"Rs. 183,776","Rs. 121,938",0,5,6,"New York, NY"
DoubleTree Suites by Hilton NYC - Times Square,"Rs. 186,353","Rs. 165,096",5,6,6,"New York, NY"
The Jewel Facing Rockefeller Center,"Rs. 147,704","Rs. 112,920",5,Not Found,7,"New York, NY"
Lotte New York Palace,"Rs. 243,495","Rs. 178,658",4,3,6,"New York, NY"
Hampton Inn Manhattan-Times Square North,"Rs. 145,127","Rs. 111,631",0,Not Found,2,"New York, NY"
Hotel Boutique at Grand Central,"Rs. 148,992","Rs. 116,140",3,Not Found,11,"New York, NY"
DoubleTree by Hilton New York Times Square South,"Rs. 157,366","Rs. 99,264",0,2,6,"New York, NY"
Michelangelo Hotel,"Rs. 223,713","Rs. 163,807",5,2,6,"New York, NY"
Kimpton Ink48 Hotel,"Rs. 208,254","Rs. 143,839",6,4,6,"New York, NY"
Loews Regency New York Hotel,"Rs. 378,309","Rs. 270,092",0,Not Found,56,"New York, NY"
Element Times Square West,"Rs. 138,685","Rs. 111,631",0,12,6,"New York, NY"
Courtyard by Marriott Times Square West,"Rs. 144,483","Rs. 113,564",5,8,6,"New York, NY"
CAMBRiA Hotel & Suites New York - Chelsea,"Rs. 158,654","Rs. 123,870",2,3,6,"New York, NY"
EVEN Hotel New York Times Square South,"Rs. 171,537","Rs. 115,496",0,4,12,"New York, NY"
Ace Hotel New York,"Rs. 138,041","Rs. 138,041",5,2,6,"New York, NY"
Hotel Wolcott,"Rs. 93,337","Rs. 93,337",0,Not Found,6,"New York, NY"
Stewart Hotel,"Rs. 84,706","Rs. 84,706",5,16,6,"New York, NY"
Hilton Times Square,"Rs. 193,438","Rs. 166,384",6,Not Found,5,"New York, NY"
Sofitel New York,"Rs. 174,114","Rs. 174,114",3,2,12,"New York, NY"
"The Ritz-Carlton New York, Battery Park Hotel","Rs. 247,676","Rs. 208,705",3,Not Found,11,"New York, NY"
U Hotel Fifth Avenue,"Rs. 118,073","Rs. 70,663",0,4,6,"New York, NY"
"Hudson Central Park, A Morgans Hotel","Rs. 115,432","Rs. 71,952",5,Not Found,11,"New York, NY"
WestHouse Hotel New York,"Rs. 188,655","Rs. 135,851",5,Not Found,8,"New York, NY"
Holiday Inn Manhattan Financial District,"Rs. 141,262","Rs. 99,392",5,5,6,"New York, NY"
Sanctuary Hotel New York,"Rs. 113,821","Rs. 113,821",1,2,6,"New York, NY"
Blakely New York Hotel,"Rs. 144,612","Rs. 144,612",2,3,6,"New York, NY"
Flatiron Hotel,"Rs. 135,594","Rs. 91,791",0,3,6,"New York, NY"
Millennium Broadway Times Square,"Rs. 101,599","Rs. 101,599",5,Not Found,8,"New York, NY"
NYLO New York City,"Rs. 147,382","Rs. 80,970",3,3,6,"New York, NY"
The GEM Hotel - Chelsea,"Rs. 165,096","Rs. 119,451",0,2,6,"New York, NY"
"Night Hotel Theater District, Times Square","Rs. 177,016","Rs. 117,335",1,Data Not Fouund,Data Not Fouund,"New York, NY"
Park Hyatt New York,"Rs. 562,017","Rs. 454,124",4,Data Not Fouund,Data Not Fouund,"New York, NY"
Club Quarters Hotel Wall Street,"Rs. 112,920","Rs. 88,699",3,4,6,"New York, NY"
Residence Inn by Marriott New York Downtown Manhattan/World Trade Center Area,"Rs. 170,249","Rs. 141,906",5,4,6,"New York, NY"
Heritage Hotel New York City,"Rs. 94,175","Rs. 86,058",0,7,6,"New York, NY"
"Hotel Shocard, New York","Rs. 111,374","Rs. 80,970",0,Not Found,5,"New York, NY"
The Watson Hotel,"Rs. 141,700","Rs. 77,208",1,15,6,"New York, NY"
Courtyard by Marriott New York Downtown Manhattan/World Trade Center Area,"Rs. 153,630","Rs. 106,736",0,2,6,"New York, NY"
IBEROSTAR 70 Park Avenue Hotel,"Rs. 116,469","Rs. 116,469",0,9,6,"New York, NY"
Morgans Hotel - A Morgans Original,"Rs. 93,659","Rs. 93,659",1,Not Found,1,"New York, NY"
The Court - A St Giles Hotel,"Rs. 134,821","Rs. 92,951",4,3,6,"New York, NY"
Courtyard by Marriott New York Manhattan/ Fifth Avenue,"Rs. 168,961","Rs. 129,667",0,2,6,"New York, NY"
Courtyard New York Manhattan/Times Square,"Rs. 180,555","Rs. 136,753",5,4,6,"New York, NY"
Gramercy Park Hotel,"Rs. 235,952","Rs. 198,176",4,2,12,"New York, NY"
Cassa Hotel Times Square,"Rs. 143,504","Rs. 108,926",4,3,6,"New York, NY"
"The Standard, High Line New York","Rs. 216,434","Rs. 216,434",0,3,6,"New York, NY"
Kimpton Hotel Eventi,"Rs. 241,154","Rs. 160,635",10,4,6,"New York, NY"
Distrikt Hotel New York City Times Square,"Rs. 151,569","Rs. 98,104",2,4,6,"New York, NY"
Hampton Inn Manhattan Chelsea,"Rs. 170,916","Rs. 104,404",6,2,6,"New York, NY"
INNSIDE New York NoMad,"Rs. 160,522","Rs. 143,749",3,Not Found,5,"New York, NY"
Hotel Indigo Lower East Side,"Rs. 186,353","Rs. 133,532",4,Not Found,2,"New York, NY"
"The Paul, an Ascend Hotel Collection Member","Rs. 183,776","Rs. 138,686",0,11,24,"New York, NY"
Gansevoort Meatpacking,"Rs. 277,951","Rs. 258,626",3,2,6,"New York, NY"
Empire Hotel,"Rs. 148,863","Rs. 85,221",7,4,6,"New York, NY"
Renaissance New York Hotel 57,"Rs. 141,906","Rs. 120,649",5,2,12,"New York, NY"
Dylan Hotel NYC,"Rs. 142,383","Rs. 106,826",0,Not Found,49,"New York, NY"
Hotel Marrakech,"Rs. 107,380","Rs. 72,129",0,4,6,"New York, NY"
The Manhattan Club,"Rs. 159,305","Rs. 112,617",3,Not Found,15,"New York, NY"
Four Seasons Hotel New York,"Rs. 450,905","Rs. 388,100",5,4,24,"New York, NY"
Hyatt Union Square New York,"Rs. 265,583","Rs. 193,438",0,Not Found,6,"New York, NY"
Staybridge Suites - Times Square - New York City,"Rs. 158,654","Rs. 96,558",3,6,6,"New York, NY"
Roger Smith Hotel,"Rs. 241,154","Rs. 166,142",0,Not Found,5,"New York, NY"
Gansevoort Park Hotel NYC,"Rs. 299,143","Rs. 212,183",0,2,6,"New York, NY"
Fifty NYC-an Affinia hotel,"Rs. 125,158","Rs. 125,158",0,3,12,"New York, NY"
Holiday Inn New York City - Times Square,"Rs. 125,158","Rs. 125,158",3,Not Found,3,"New York, NY"
Archer Hotel New York,"Rs. 193,438","Rs. 143,195",0,2,6,"New York, NY"
Executive Class at MTS Hotel,"Rs. 149,749","Rs. 105,673",5,Data Not Fouund,Data Not Fouund,"New York, NY"
Gardens NYC-an Affinia hotel,"Rs. 193,805","Rs. 136,680",0,Not Found,10,"New York, NY"
Travel Inn - Midtown Manhattan,"Rs. 76,599","Rs. 68,795",7,2,6,"New York, NY"
Redford Hotel,"Rs. 109,763","Rs. 65,961",0,Not Found,39,"New York, NY"
Candlewood Suites NYC -Times Square,"Rs. 133,532","Rs. 75,043",3,6,6,"New York, NY"
Holiday Inn Express - Times Square,"Rs. 144,483","Rs. 86,445",3,Not Found,5,"New York, NY"
Renaissance New York Midtown Hotel,"Rs. 244,326","Rs. 199,236",3,5,6,"New York, NY"
Hampton Inn Madison Square Garden,"Rs. 163,163","Rs. 129,667",0,3,6,"New York, NY"
New York Marriott Downtown,"Rs. 210,830","Rs. 142,615",0,2,6,"New York, NY"
Sheraton New York Times Square Hotel,"Rs. 126,384","Rs. 109,394",6,2,6,"New York, NY"
Best Western Bowery Hanbee Hotel,"Rs. 101,582","Rs. 73,948",3,4,6,"New York, NY"
Aloft Manhattan Downtown - Financial District,"Rs. 144,676","Rs. 93,209",3,5,6,"New York, NY"
SpringHill Suites by Marriott New York Midtown Manhattan/Fifth Avenue,"Rs. 154,918","Rs. 125,158",4,4,24,"New York, NY"
"The Algonquin Hotel Times Square, Autograph Collection","Rs. 212,119","Rs. 168,059",0,2,24,"New York, NY"
Lombardy Hotel,"Rs. 200,034","Rs. 169,180",0,2,6,"New York, NY"
The Benjamin,"Rs. 153,114","Rs. 153,114",0,3,12,"New York, NY"
Holiday Inn Lower East Side,"Rs. 106,478","Rs. 106,478",3,Data Not Fouund,Data Not Fouund,"New York, NY"
Riff Hotel Chelsea,"Rs. 105,195","Rs. 92,003",0,3,24,"New York, NY"
W New York,"Rs. 193,118","Rs. 153,308",4,Not Found,7,"New York, NY"
Hilton Garden Inn New York/Tribeca,"Rs. 168,316","Rs. 140,618",3,Not Found,11,"New York, NY"
The Marmara Manhattan,"Rs. 134,189","Rs. 122,440",4,Data Not Fouund,Data Not Fouund,"New York, NY"
Hotel Mela Times Square,"Rs. 116,269","Rs. 89,666",3,2,6,"New York, NY"
"The Carlyle, A Rosewood Hotel","Rs. 312,815","Rs. 312,815",3,Not Found,3,"New York, NY"
The Surrey,"Rs. 211,249","Rs. 211,249",5,Not Found,2,"New York, NY"
Millenium Hilton,"Rs. 193,438","Rs. 119,361",4,2,6,"New York, NY"
East Side 3 bedroom 2 bathroom (7),"Rs. 238,336","Rs. 238,336",0,Data Not Fouund,Data Not Fouund,"New York, NY"
The High Line Hotel,"Rs. 313,250","Rs. 205,806",0,Not Found,18,"New York, NY"
Off SoHo Suites Hotel,"Rs. 134,821","Rs. 114,530",2,2,24,"New York, NY"
Comfort Inn Midtown West,"Rs. 145,771","Rs. 116,784",0,2,24,"New York, NY"
Holiday Inn Express Times Square - Fifth Avenue,"Rs. 113,564","Rs. 107,122",3,Data Not Fouund,Data Not Fouund,"New York, NY"
The Mansfield Hotel,"Rs. 118,111","Rs. 99,045",3,4,6,"New York, NY"
Holiday Inn Express - Wall Street,"Rs. 147,059","Rs. 95,914",3,Not Found,4,"New York, NY"
Holiday Inn Wall Street,"Rs. 148,348","Rs. 92,951",3,2,6,"New York, NY"
Hip & Trendy Apartments near Times Square - NYC,"Rs. 119,168","Rs. 119,168",0,Data Not Fouund,Data Not Fouund,"New York, NY"
W New York - Times Square,"Rs. 144,159","Rs. 144,159",4,3,6,"New York, NY"
W New York - Union Square,"Rs. 202,393","Rs. 202,393",7,Data Not Fouund,Data Not Fouund,"New York, NY"
Renaissance New York Times Square Hotel,"Rs. 327,421","Rs. 290,061",0,Data Not Fouund,Data Not Fouund,"New York, NY"
Lex Hotel NYC,"Rs. 154,145","Rs. 109,055",0,Data Not Fouund,Data Not Fouund,"New York, NY"
The Sherry Netherland,"Rs. 383,978","Rs. 383,978",0,Data Not Fouund,Data Not Fouund,"New York, NY"
Q&A Residential Hotel,"Rs. 186,353","Rs. 122,839",4,Not Found,6,"New York, NY"
Bryant Park Hotel,"Rs. 214,631","Rs. 181,006",0,3,6,"New York, NY"
"The Chatwal, a Luxury Collection Hotel, New York City","Rs. 377,795","Rs. 252,764",4,3,12,"New York, NY"
Westin New York at Times Square,"Rs. 186,675","Rs. 145,448",10,4,12,"New York, NY"
Trump SoHo,"Rs. 257,338","Rs. 189,058",8,2,6,"New York, NY"
Fantastic Luxurious One Bedroom - Near Macy's/MS Garden/Empire State Building,"Rs. 154,282","Rs. 154,282",0,Data Not Fouund,Data Not Fouund,"New York, NY"
The Plaza,"Rs. 335,361","Rs. 289,916",5,3,6,"New York, NY"
The Marmara Park Avenue,"Rs. 231,572","Rs. 201,555",4,2,12,"New York, NY"
The Kitano Hotel New York,"Rs. 177,528","Rs. 137,011",5,Not Found,7,"New York, NY"
Mayfair New York Times Square,"Rs. 99,457","Rs. 88,828",0,Not Found,4,"New York, NY"
Apartment Best Location in New York,"Rs. 181,328","Rs. 84,899",0,Data Not Fouund,Data Not Fouund,"New York, NY"
Shelburne NYC-an Affinia hotel,"Rs. 74,535","Rs. 74,535",3,2,6,"New York, NY"
The William,"Rs. 190,211","Rs. 169,746",0,Not Found,6,"New York, NY"
New York Marriott East Side,"Rs. 188,929","Rs. 133,339",2,Not Found,9,"New York, NY"
Courtyard by Marriott New York Manhattan/Herald Square,"Rs. 168,961","Rs. 123,226",5,Not Found,5,"New York, NY"
The Westin New York Grand Central,"Rs. 190,602","Rs. 173,855",4,2,12,"New York, NY"
"The Renwick Hotel New York City, Curio Collection by Hilton","Rs. 211,474","Rs. 211,474",0,Data Not Fouund,Data Not Fouund,"New York, NY"
Four Seasons Hotel New York Downtown,"Rs. 360,273","Rs. 257,338",5,3,24,"New York, NY"
Four Points by Sheraton Manhattan Chelsea,"Rs. 202,456","Rs. 125,803",0,3,6,"New York, NY"
Hotel Metro,"Rs. 152,535","Rs. 110,021",8,4,24,"New York, NY"
Hotel East Houston,"Rs. 116,140","Rs. 93,595",1,2,6,"New York, NY"
Gild Hall - A Thompson Hotel,"Rs. 110,765","Rs. 103,099",3,Not Found,5,"New York, NY"
Dumont NYC-an Affinia hotel,"Rs. 108,845","Rs. 108,845",6,Data Not Fouund,Data Not Fouund,"New York, NY"
East Village Amazing 2 Bedroom,"Rs. 173,470","Rs. 134,821",0,Data Not Fouund,Data Not Fouund,"New York, NY"
Two Bedroom Apartment - Madison Avenue,"Rs. 179,718","Rs. 179,718",0,Data Not Fouund,Data Not Fouund,"New York, NY"
Hotel Beacon,"Rs. 239,566","Rs. 141,906",3,4,6,"New York, NY"
Best Location 28th St & Park Avenue,"Rs. 225,002","Rs. 225,002",3,Data Not Fouund,Data Not Fouund,"New York, NY"
Hilton Garden Inn Times Square,"Rs. 162,519","Rs. 130,312",4,5,6,"New York, NY"
Hôtel Plaza Athénée,"Rs. 350,611","Rs. 174,423",5,2,6,"New York, NY"
Belnord Hotel,"Rs. 107,541","Rs. 65,471",0,4,6,"New York, NY"
Colonial House Inn,"Rs. 114,034","Rs. 90,902",0,2,24,"New York, NY"
The Out NYC,"Rs. 208,898","Rs. 112,275",3,Not Found,3,"New York, NY"
Renovated Two Bedroom Apartment Midtown East,"Rs. 164,902","Rs. 164,902",0,Data Not Fouund,Data Not Fouund,"New York, NY"
Econo Lodge Times Square,"Rs. 129,667","Rs. 89,730",5,Not Found,4,"New York, NY"
Hudson River Hotel,"Rs. 103,257","Rs. 103,257",1,2,6,"New York, NY"
Hotel Wales,"Rs. 177,289","Rs. 122,195",0,5,12,"New York, NY"
The Pearl Hotel,"Rs. 153,253","Rs. 145,449",5,3,6,"New York, NY"
Astor Hotel on Central Park,"Rs. 119,103","Rs. 44,189",4,6,6,"New York, NY"
The James New York,"Rs. 237,047","Rs. 185,773",0,Not Found,6,"New York, NY"
Superior Midtown East Apartments,"Rs. 112,726","Rs. 112,726",0,Data Not Fouund,Data Not Fouund,"New York, NY"
NYC Best apartment near the UN,"Rs. 173,598","Rs. 173,598",0,Data Not Fouund,Data Not Fouund,"New York, NY"
SoHo Garden Hotel,"Rs. 164,102","Rs. 122,216",0,4,6,"New York, NY"
Hotel Americano,"Rs. 254,794","Rs. 218,850",0,Not Found,17,"New York, NY"
Midtown East Next to Times Square,"Rs. 365,169","Rs. 123,999",0,Not Found,8,"New York, NY"
Windsor Hotel,"Rs. 72,918","Rs. 67,443",1,2,6,"New York, NY"
Fairfield Inn & Suites by Marriott New York Midtown Manhattan/Penn Station,"Rs. 187,963","Rs. 150,989",0,Not Found,5,"New York, NY"
Park Ave Apartments Midtown Next to Times Square,"Rs. 107,766","Rs. 107,766",0,Data Not Fouund,Data Not Fouund,"New York, NY"
Chic 2 Bedrooms Duplex near Times Square,"Rs. 173,598","Rs. 173,598",0,Data Not Fouund,Data Not Fouund,"New York, NY"
36 Hudson Hotel,"Rs. 87,476","Rs. 87,476",2,3,6,"New York, NY"
Hotel 309,"Rs. 75,833","Rs. 58,531",5,2,6,"New York, NY"
The Bowery Hotel,"Rs. 241,234","Rs. 190,990",2,2,6,"New York, NY"
Comfort Inn Times Square West,"Rs. 129,667","Rs. 89,730",3,Not Found,6,"New York, NY"
Modest Apartment Financial District,"Rs. 82,049","Rs. 82,049",0,Not Found,11,"New York, NY"
Fitzpatrick Grand Central,"Rs. 132,180","Rs. 108,604",2,Not Found,29,"New York, NY"
Renovated Studio Loft Downtown NYC #43,"Rs. 73,433","Rs. 73,433",0,Data Not Fouund,Data Not Fouund,"New York, NY"
Carnegie Hotel,"Rs. 180,298","Rs. 122,195",3,4,6,"New York, NY"
Superior Harlem Apartments,"Rs. 72,145","Rs. 67,636",0,Data Not Fouund,Data Not Fouund,"New York, NY"
Hampton Inn Manhattan - Times Square South,"Rs. 143,990","Rs. 79,337",3,2,6,"New York, NY"
Hotel Mimosa,"Rs. 89,528","Rs. 66,811",3,Not Found,4,"New York, NY"
Jet Luxury @ The Trump SoHo,"Rs. 350,146","Rs. 280,509",0,Not Found,34,"New York, NY"
Shared Two Bedroom Apartment - Harlemville,"Rs. 36,776","Rs. 36,776",0,Not Found,9,"New York, NY"
Holiday Inn Express Manhattan Midtown West,"Rs. 183,776","Rs. 127,091",0,Not Found,9,"New York, NY"
Blue Moon Boutique Hotel,"Rs. 109,055","Rs. 109,055",4,2,6,"New York, NY"
Baccarat Hotel and Residences New York,"Rs. 507,268","Rs. 405,815",5,2,6,"New York, NY"
3 West Club,"Rs. 116,784","Rs. 107,122",1,2,12,"New York, NY"
Two-Bedroom Apartment in Hell's Kitchen,"Rs. 84,409","Rs. 55,771",0,Data Not Fouund,Data Not Fouund,"New York, NY"
NobleDEN Hotel,"Rs. 183,261","Rs. 154,905",0,3,6,"New York, NY"
Union Square Best Location 2 Bedroom Apt,"Rs. 225,002","Rs. 225,002",3,Data Not Fouund,Data Not Fouund,"New York, NY"
Royal Park Hotel & Hostel,"Rs. 69,153","Rs. 49,442",0,Not Found,5,"New York, NY"
Amazing 2 Bedrooms at Theater District,"Rs. 162,326","Rs. 162,326",0,Data Not Fouund,Data Not Fouund,"New York, NY"
Times Square Suites - NYC,"Rs. 164,580","Rs. 164,580",0,Data Not Fouund,Data Not Fouund,"New York, NY"
Yorkville Apartments -Upper East Side,"Rs. 67,829","Rs. 67,829",0,Not Found,10,"New York, NY"
Lowell Hotel,"Rs. 600,670","Rs. 600,670",0,Data Not Fouund,Data Not Fouund,"New York, NY"
Spacious 2 Bedrooms Apartment - Times Square,"Rs. 157,817","Rs. 157,817",0,Data Not Fouund,Data Not Fouund,